Join_Date,User_ID,Name,Nationality,Password,Email,Phone_Number,Age,Gender,interests
2019-01-02,190101,John Smith,American,obgJcyOk,john.smith1@gmail.com,9282337907,45,M,"architecture, culture"
2019-02-09,190201,Cindy Chen,Chinese,OWhcyveP,cindy.chen@gmail.com,9687125215,26,F,"history, museums"
2019-03-22,190301,Sarah Johnson,British,FRDamr83,sarah.johnson@gmail.com,9075985335,29,F,"history, museums"
2019-03-19,190302,Park Min Woo,South Korean,n2IJZq01,park.min@gmail.com,9946344700,27,M,"history, museums"
2019-03-01,190303,Mark Tan,Singapore,DnRJVl_S,mark.tan@gmail.com,7926609918,45,M,"hiking, exploration"
2019-03-20,190304,Alex Ng,Cambodia,eVWf@YS9,alex.ng@gmail.com,8914525837,33,M,"adventure, beaches"
2019-04-27,190401,James Wilson,Australian,e8IGzoPp,james.wilson@gmail.com,6717146260,32,M,"history, museums"
2019-04-15,190402,Sarah Brown,British,GlatFLk7,sarah.brown@gmail.com,9579861253,37,F,"hiking, exploration"
2019-04-27,190403,Ishaan,Indian,rLFcBiu4,ishaan.user1@gmail.com,7552224840,58,M,"hiking, exploration"
2019-05-12,190501,Sarah Lee,South Korea,nujkL4rW,sarah.lee2@gmail.com,7546574574,28,F,"history, museums"
2019-06-23,190601,Kim Nguyen,Vietnamese,e8OjUu9J,kim.nguyen@gmail.com,6402346728,26,F,"hiking, exploration"
2019-06-01,190602,Sarah Lee,South Korean,XBbAenZR,sarah.lee@gmail.com,7277488494,35,F,"nature, wildlife"
2019-06-06,190603,Rohan,Indian,O6PUlBRr,rohan.user1@gmail.com,8200317751,41,M,"hiking, exploration"
2019-07-06,190701,Tom Wilson,American,kl55FEPj,tom.wilson@gmail.com,8198384384,27,M,"architecture, culture"
2019-07-24,190702,Bob Johnson,Canadian,zdDPfWOq,bob.johnson1@gmail.com,9806322974,47,M,"nature, wildlife"
2019-07-14,190703,Aarav,Indian,1CrWDQ2q,aarav.user@gmail.com,8281302050,54,M,"food, nightlife"
2019-08-22,190801,Olivia Rodriguez,British,xs9XzMFM,olivia.rodriguez@gmail.com,9515449197,35,F,"food, nightlife"
2019-08-10,190802,David Lee,Australian,VQilbo4a,david.lee1@gmail.com,8437777851,43,M,"history, museums"
2019-08-29,190803,John Doe,American,t0@uuoFl,john.doe@gmail.com,6325241823,35,M,"hiking, exploration"
2019-10-28,191001,Bob Johnson,Canadian,QJubrXZJ,bob.johnson@gmail.com,8385373560,45,M,"food, nightlife"
2019-10-11,191002,John Smith,American,tE5l02iB,john.smith3@gmail.com,8903964487,35,M,"art, history"
2019-12-06,191201,James Brown,British,7c_rkdIC,james.brown@gmail.com,6404473996,42,M,"architecture, culture"
2019-12-07,191202,Ryan Chen,Chinese,TK@KwUhk,ryan.chen@gmail.com,7078965561,34,M,"hiking, exploration"
2019-12-19,191203,Rohan,Indian,pdBlMeON,rohan.user@gmail.com,6904351743,31,M,"hiking, exploration"
2020-01-22,200101,Emily Davis,Australian,e8Qdv2P@,emily.davis@gmail.com,6347964721,33,F,"hiking, exploration"
2020-01-12,200102,Rachel Lee,South Korean,7MWYjEL2,rachel.lee@gmail.com,7247620442,27,F,"history, museums"
2020-01-31,200103,Kenji Nakamura,Japanese,7M5JtIdE,kenji.nakamura1@gmail.com,7771628470,28,M,"history, museums"
2020-03-10,200301,Jane Doe,Canadian,FueAKtVO,jane.doe@gmail.com,8999164444,28,F,"hiking, exploration"
2020-03-20,200302,Emily Watson,British,wVyCxqZk,emily.watson@gmail.com,9987599379,29,F,"adventure, beaches"
2020-04-03,200401,Olivia Green,French,AlOifklo,olivia.green@gmail.com,8781137738,39,F,"nature, wildlife"
2020-04-17,200402,Maria Hernandez,Mexican,AT8JqPiv,maria.hernandez@gmail.com,9740584924,42,F,"architecture, culture"
2020-04-11,200403,Emily Davis,American,Jrsn0Y2a,emily.davis1@gmail.com,9189095728,31,F,"history, museums"
2020-04-15,200404,David Kim,Canada,8cMGW@sc,david.kim2@gmail.com,8550050842,26,M,"hiking, exploration"
2020-05-30,200501,Michael Wong,Hong Kong,Mke8rqL2,michael.wong1@gmail.com,9209491565,42,M,"art, history"
2020-05-05,200502,Lisa Chen,Taiwan,Qttmrzbf,lisa.chen@gmail.com,9827242392,30,F,"history, museums"
2020-05-13,200503,Emily Kim,Korean,11fNyeKl,emily.kim@gmail.com,6771975923,29,F,"art, history"
2020-08-24,200801,Putra Wijaya,Indonesian,YRZn3wHg,putra.wijaya@gmail.com,7251676063,33,M,"nature, wildlife"
2020-08-05,200802,Sarah Brown,UK,4OQd8Z3a,sarah.brown1@gmail.com,8997865719,37,F,"food, nightlife"
2020-08-01,200803,Aarav,Indian,eeX3v0Dt,aarav.user1@gmail.com,9178585921,32,M,"adventure, beaches"
2020-10-25,201001,David Lee,Australian,NpX8Wa63,david.lee3@gmail.com,8165649446,45,M,"food, nightlife"
2020-10-08,201002,Isabella Chen,Chinese,rPKhNAg_,isabella.chen@gmail.com,7380805715,30,F,"adventure, beaches"
2020-11-13,201101,Nisa Patel,Indian,bh024fMC,nisa.patel@gmail.com,7208879019,23,F,"adventure, beaches"
2020-11-09,201102,Giulia Rossi,Italian,OTAsc30g,giulia.rossi@gmail.com,8665117240,30,F,"hiking, exploration"
2020-11-13,201103,Henry Kim,Korean,k2w1IEpn,henry.kim@gmail.com,6578970727,24,M,"food, nightlife"
2020-12-03,201201,Fatima Khouri,Moroccan,1u@tXSDn,fatima.khouri@gmail.com,7642253944,26,F,"hiking, exploration"
2020-12-21,201202,Raj Patel,Indian,CD_zgf7U,raj.patel@gmail.com,7825746678,40,M,"food, nightlife"
2021-01-13,210101,James Kim,American,22UIu5n5,james.kim@gmail.com,9040734069,41,M,"food, nightlife"
2021-01-17,210102,Sarah Lee,Australian,4uveH3uA,sarah.lee3@gmail.com,8605204785,31,F,"nature, wildlife"
2021-02-22,210201,Marco Rossi,Italian,Q1801XO9,marco.rossi@gmail.com,6071396172,41,M,"adventure, beaches"
2021-02-27,210202,Sophia Kim,United Arab Emirates,IzHMGMHg,sophia.kim@gmail.com,7369609443,29,F,"adventure, beaches"
2021-03-13,210301,Maria Silva,Brazilian,7IVtz8bz,maria.silva@gmail.com,6700765637,30,F,"history, museums"
2021-03-06,210302,Kevin Kim,Korean,iqMUV0pV,kevin.kim@gmail.com,7737604694,24,M,"adventure, beaches"
2021-03-01,210303,Olivia Kim,South Korea,Xw58Lqf@,olivia.kim@gmail.com,9617998837,29,F,"architecture, culture"
2021-03-22,210304,Ishaan,Indian,B2N8c_Vf,ishaan.user2@gmail.com,9878175853,30,M,"hiking, exploration"
2021-04-01,210401,Emma Wilson,Canadian,y1z50l31,emma.wilson@gmail.com,8387972057,29,F,"food, nightlife"
2021-05-30,210501,Charlie Lee,Korean,HD24Pxzx,charlie.lee@gmail.com,8775004001,25,M,"food, nightlife"
2021-05-16,210502,Laura van den Berg,Dutch,NRuSJuXD,laura.van@gmail.com,7701597446,31,F,"food, nightlife"
2021-05-09,210503,John Smith,USA,1daqrsLU,john.smith5@gmail.com,6620644717,35,M,"nature, wildlife"
2021-06-19,210601,Lucas Santos,Brazilian,kKXzLYx@,lucas.santos@gmail.com,6404779757,25,M,"nature, wildlife"
2021-06-14,210602,David Kim,Korean,_TjdEBec,david.kim@gmail.com,9683561156,34,M,"hiking, exploration"
2021-06-01,210603,Emily Johnson,Canada,Qh3Ikilq,emily.johnson@gmail.com,9030208559,28,F,"hiking, exploration"
2021-07-13,210701,Laura Janssen,Dutch,pujWlqC7,laura.janssen@gmail.com,9328536728,31,F,"hiking, exploration"
2021-07-25,210702,Adam Lee,Canadian,B_i4dYIe,adam.lee@gmail.com,9539199495,33,M,"nature, wildlife"
2021-07-31,210703,Sofia Rossi,Italian,G8t0mLVu,sofia.rossi@gmail.com,8811810881,33,F,"adventure, beaches"
2021-07-11,210704,Sarah Lee,Korean,7SOpOPof,sarah.lee1@gmail.com,9068683812,28,F,"art, history"
2021-07-03,210705,Vivaan,Indian,gtoe6VWY,vivaan.user@gmail.com,8444544400,58,M,"architecture, culture"
2021-08-14,210801,Carlos Garcia,Spanish,0CadiHcE,carlos.garcia@gmail.com,7309527638,36,M,"adventure, beaches"
2021-09-01,210901,Ana Hernandez,Mexican,NqIPF40r,ana.hernandez@gmail.com,7966357433,27,F,"food, nightlife"
2021-09-22,210902,Jessica Wong,Canadian,_B_qijfj,jessica.wong@gmail.com,6811083769,28,F,"hiking, exploration"
2021-09-24,210903,John Smith,USA,FwoVyyiP,john.smith4@gmail.com,8157097072,35,M,"history, museums"
2021-09-06,210904,Rodrigo Oliveira,Brazil,0tOwsLh8,rodrigo.oliveira@gmail.com,7706115423,33,M,"nature, wildlife"
2021-10-21,211001,Jane Smith,British,HM9ate_Z,jane.smith@gmail.com,8740504311,28,F,"food, nightlife"
2021-11-27,211101,Michael Chang,Chinese,lJqSY89m,michael.chang@gmail.com,9744457789,28,M,"food, nightlife"
2021-11-05,211102,Gina Lee,Korean,p_cNdTVC,gina.lee@gmail.com,6736061739,35,F,"nature, wildlife"
2021-12-17,211201,Peter Brown,British,Lv3v7yB1,peter.brown@gmail.com,9026417435,55,M,"nature, wildlife"
2021-12-28,211202,Emily Davis,American,ey9DXiYH,emily.davis2@gmail.com,7051036224,27,F,"nature, wildlife"
2022-01-03,220101,William Davis,Korean,2pN9zNdf,william.davis@gmail.com,8946109293,27,M,"adventure, beaches"
2022-01-12,220102,Ken Tanaka,Japan,Brpatv7o,ken.tanaka@gmail.com,8938677927,42,M,"food, nightlife"
2022-02-06,220201,Michael Wong,China,U9OSQSjV,michael.wong@gmail.com,9014208043,50,M,"art, history"
2022-03-20,220301,David Kim,Korean,R5Xy_aLA,david.kim3@gmail.com,7436776313,42,M,"architecture, culture"
2022-04-25,220401,Amelia Brown,Australian,TIvW5yYp,amelia.brown@gmail.com,6886132246,38,F,"nature, wildlife"
2022-04-23,220402,Rohan,Indian,@yj9w2AU,rohan.user2@gmail.com,7899893645,53,M,"architecture, culture"
2022-05-03,220501,Mia Johnson,American,1zPg7GY1,mia.johnson1@gmail.com,9329723023,25,F,"history, museums"
2022-06-26,220601,Maria Garcia,Spanish,KbtApuxP,maria.garcia1@gmail.com,6918647861,42,F,"food, nightlife"
2022-07-15,220701,Sarah Wong,Chinese,sFtrG_yL,sarah.wong@gmail.com,6759440223,28,F,"art, history"
2022-08-03,220801,Michael Davis,American,pERz8Ng8,michael.davis@gmail.com,6356899013,41,M,"hiking, exploration"
2022-08-06,220802,Nina Patel,Indian,2aVhIb5d,nina.patel@gmail.com,8052086110,29,F,"architecture, culture"
2022-08-02,220803,James Wilson,British,UPNDVZaq,james.wilson1@gmail.com,8604998901,29,M,"hiking, exploration"
2022-09-03,220901,Ben Smith,British,Xmi_HAyK,ben.smith@gmail.com,7997347107,35,M,"architecture, culture"
2022-09-21,220902,Mark Johnson,South African,6QxeQ4NV,mark.johnson@gmail.com,6891125491,31,M,"food, nightlife"
2022-10-12,221001,David Lee,Korean,n7NxnDoH,david.lee@gmail.com,6783687480,45,M,"food, nightlife"
2022-10-28,221002,Ishaan,Indian,giubxagp,ishaan.user@gmail.com,9036554076,22,M,"architecture, culture"
2022-10-28,221003,Ishaan,Indian,XchRFH7L,ishaan.user3@gmail.com,7820487281,39,M,"architecture, culture"
2022-11-19,221101,Sarah Johnson,American,SELHPJuw,sarah.johnson1@gmail.com,7396673441,30,F,"nature, wildlife"
2022-11-04,221102,Emma Garcia,Spanish,0sbsQm5R,emma.garcia@gmail.com,9667556555,27,F,"architecture, culture"
2022-11-08,221103,Jessica Chen,Taiwan,TAq6ELpD,jessica.chen@gmail.com,7696118769,31,F,"adventure, beaches"
2022-12-02,221201,Sophia Lee,Canadian,6UsT6AoW,sophia.lee@gmail.com,9228070994,37,F,"history, museums"
2022-12-16,221202,Emily Wong,United Kingdom,rUyEw7Zl,emily.wong@gmail.com,7779754353,38,F,"history, museums"
2023-01-28,230101,Rachel Sanders,American,_M@YKvFl,rachel.sanders@gmail.com,8744919278,35,F,"adventure, beaches"
2023-01-19,230102,Kim Min-ji,Korean,gbpkLNtP,kim.min-ji@gmail.com,7883671220,27,F,"architecture, culture"
2023-03-30,230301,Michael Brown,American,cD3d2WQ7,michael.brown@gmail.com,8946443675,42,M,"hiking, exploration"
2023-03-22,230302,Lila Patel,Indian,xJt7k9ez,lila.patel@gmail.com,9075713735,33,F,"adventure, beaches"
2023-03-23,230303,Michael Johnson,South African,ecrbVLyg,michael.johnson@gmail.com,6730990232,45,M,"architecture, culture"
2023-04-28,230401,Ana Rodriguez,Spanish,v_ox8FgZ,ana.rodriguez@gmail.com,7792751607,31,F,"art, history"
2023-05-03,230501,Emma Lee,Italy,SxlilEpO,emma.lee@gmail.com,9405845810,31,F,"adventure, beaches"
2023-07-31,230701,Maria Garcia,Spanish,DrIEnBdE,maria.garcia@gmail.com,6241406143,31,F,"art, history"
2023-07-26,230702,John Smith,British,2VX9D_Qm,john.smith2@gmail.com,9169356959,46,M,"hiking, exploration"
2023-08-07,230801,Lily Wong,Chinese,etC7E2xN,lily.wong@gmail.com,7808202108,29,F,"adventure, beaches"
2023-08-15,230802,Laura Gomez,Spanish,XxcwTvaW,laura.gomez@gmail.com,8976910015,29,F,"art, history"
2023-09-17,230901,Kenji Nakamura,Japanese,8KFykoKo,kenji.nakamura@gmail.com,9830572407,45,M,"art, history"
2023-09-29,230902,David Lee,Korean,LGzbubbp,david.lee5@gmail.com,7388899436,38,M,"food, nightlife"
2023-10-13,231001,James MacKenzie,Scottish,BJrX1VJy,james.mackenzie@gmail.com,6038454713,32,M,"hiking, exploration"
2023-10-08,231002,Lily Nguyen,Vietnamese,KPt6BgQR,lily.nguyen@gmail.com,8414155558,24,F,"art, history"
2023-10-05,231003,Robert Mueller,Germany,DrdzHnpI,robert.mueller@gmail.com,9523575161,41,M,"nature, wildlife"
2023-10-20,231004,George Chen,Greece,OsLl0E1f,george.chen@gmail.com,7786515825,27,M,"adventure, beaches"
2023-10-20,231005,Katie Johnson,Canadian,r7KD9SHh,katie.johnson@gmail.com,9361826420,33,F,"history, museums"
2023-10-06,231006,Vivaan,Indian,dZczGL1A,vivaan.user1@gmail.com,7343496540,49,M,"hiking, exploration"
2023-11-16,231101,Hans Mueller,German,l8coUjh0,hans.mueller@gmail.com,9510749040,48,M,"nature, wildlife"
2023-12-24,231201,James Chen,American,_mzSMm9U,james.chen@gmail.com,7856056728,25,M,"architecture, culture"
2023-12-08,231202,Alex Kim,American,mIEFHLwh,alex.kim@gmail.com,9209758950,29,M,"history, museums"
2023-12-05,231203,Maria Garcia,Spain,v4T9vmyD,maria.garcia2@gmail.com,6881461237,27,F,"architecture, culture"
2023-12-27,231204,Vivaan,Indian,3dmgL5kL,vivaan.user2@gmail.com,6520592451,44,M,"architecture, culture"
2024-01-27,240101,Amanda Chen,Taiwanese,Iqm08eKS,amanda.chen@gmail.com,8377119260,25,F,"adventure, beaches"
2024-01-12,240103,Fatima Ahmed,Emirati,FnqWbEdu,fatima.ahmed@gmail.com,8661252234,24,F,"food, nightlife"
2024-01-11,240104,Rohan,Indian,OdI_51jj,rohan.user3@gmail.com,7999937946,29,M,"nature, wildlife"
2024-02-18,240201,Sofia Russo,Italian,Tg4AkN6u,sofia.russo@gmail.com,9105242993,29,F,"nature, wildlife"
2024-03-27,240301,Michael Chen,Chinese,ucD2tgyU,michael.chen@gmail.com,6113774738,26,M,"art, history"
2024-03-05,240302,William Brown,New Zealander,xA@Bs5h_,william.brown@gmail.com,7976654348,39,M,"history, museums"
2024-04-18,240401,Alice Smith,American,SiEmptc2,alice.smith@gmail.com,9630417073,30,F,"art, history"
2024-04-02,240402,Frank Li,American,Kvxvs8iS,frank.li@gmail.com,6377837543,41,M,"nature, wildlife"
2024-05-01,240501,David Kim,American,Mi3aADE@,david.kim1@gmail.com,9914900165,25,M,"hiking, exploration"
2024-06-15,240601,John Smith,American,FMJbjx6j,john.smith@gmail.com,8427832235,35,M,"history, museums"
2024-06-13,240602,Emma Watson,British,@lhfvOIF,emma.watson@gmail.com,7834618326,32,F,"history, museums"
2024-07-23,240701,Emily Lee,American,bPWK4oYI,emily.lee@gmail.com,8831525181,27,F,"nature, wildlife"
2024-07-15,240702,Olivia Martin,Australian,_69CW_Kc,olivia.martin@gmail.com,7722496460,33,F,"architecture, culture"
2024-07-28,240703,Felipe Almeida,Brazilian,b@I2q3Lw,felipe.almeida@gmail.com,9137496497,30,M,"food, nightlife"
2024-07-01,240704,David Lee,Australian,@6MJSwen,david.lee2@gmail.com,6496153671,38,M,"nature, wildlife"
2024-07-16,240705,Sofia Rodriguez,Spanish,ciuKpb36,sofia.rodriguez@gmail.com,9699350226,25,F,"hiking, exploration"
2024-08-22,240801,Alice Smith,American,HcnRmTBE,alice.smith1@gmail.com,7575470727,32,F,"architecture, culture"
2024-08-09,240802,Jack Smith,American,AHNn6zaw,jack.smith@gmail.com,6544833092,28,M,"nature, wildlife"
2024-09-23,240901,Liam Nguyen,Vietnamese,nV2ZKf7u,liam.nguyen@gmail.com,8078156672,26,M,"nature, wildlife"
2024-09-10,240902,David Lee,South Korea,sWRYWDAd,david.lee4@gmail.com,9695802824,45,M,"hiking, exploration"
2024-09-27,240903,Jose Perez,Brazilian,qIftIekc,jose.perez@gmail.com,8826390615,37,M,"hiking, exploration"
2024-10-08,241001,Mia Johnson,American,vMfb@Zd5,mia.johnson@gmail.com,8101131943,31,F,"history, museums"
2024-10-15,241002,Nana Kwon,Korean,r5vGe4t_,nana.kwon@gmail.com,6125563922,27,F,"architecture, culture"
2024-12-25,241201,Mohammed Ali,Emirati,cXgnrWJa,mohammed.ali@gmail.com,7792619782,39,M,"hiking, exploration"
2024-12-10,241202,Emma Davis,British,1C5k5KrW,emma.davis@gmail.com,9892807022,28,F,"history, museums"
2024-12-27,241203,Jennifer Nguyen,Canadian,GKHhJ2bK,jennifer.nguyen@gmail.com,7048654094,31,F,"adventure, beaches"
2024-12-05,241225,Alice Johnson,American,Pass@123,alice@example.com,9876543210,30,F,"adventure, beaches"
2025-03-21,250332,John Doe,Canadian,John_456,john@example.com,9123456789,28,M,"hiking, exploration"
